<?xml version="1.0" encoding="UTF-8"?>
<!--
    Copyright (c) 2022 Contributors to the Eclipse Foundation. All rights reserved.
    Copyright (c) 1997, 2018 Oracle and/or its affiliates. All rights reserved.

    This program and the accompanying materials are made available under the
    terms of the Eclipse Public License v. 2.0, which is available at
    http://www.eclipse.org/legal/epl-2.0.

    This Source Code may also be made available under the following Secondary
    Licenses when the conditions for such availability set forth in the
    Eclipse Public License v. 2.0 are satisfied: GNU General Public License,
    version 2 with the GNU Classpath Exception, which is available at
    https://www.gnu.org/software/classpath/license.html.

    SPDX-License-Identifier: EPL-2.0 OR GPL-2.0 WITH Classpath-exception-2.0

-->

<faces-config
        xmlns="https://jakarta.ee/xml/ns/jakartaee"
        xmlns:xsi="http://www.w3.org/2001/XMLSchema-instance"
        xsi:schemaLocation="https://jakarta.ee/xml/ns/jakartaee https://jakarta.ee/xml/ns/jakartaee/web-facesconfig_4_0.xsd"
        version="4.0">

    <application>
        <locale-config>
          <default-locale>en</default-locale>
          <supported-locale>de</supported-locale>
          <supported-locale>sv</supported-locale>
          <supported-locale>en_US</supported-locale>
          <supported-locale>fr</supported-locale>
          <supported-locale>ko</supported-locale>
          <supported-locale>ja</supported-locale>
          <supported-locale>zh_TW</supported-locale>
          <supported-locale>zh_CN</supported-locale>
          <supported-locale>es</supported-locale>
          <supported-locale>it</supported-locale>
          <supported-locale>pt_BR</supported-locale>
        </locale-config>
        <el-resolver>com.sun.webui.jsf.faces.UIComponentELResolver</el-resolver>
    </application>

<!--
    <component>
        <component-type>com.sun.enterprise.tools.admingui.Tail</component-type>
        <component-class>com.sun.enterprise.tools.admingui.jsf.component.Tail</component-class>
    </component>
-->

<!--
    <render-kit>
        <renderer>
            <component-family>com.sun.enterprise.tools.admingui.Tail</component-family>
            <renderer-type>com.sun.enterprise.tools.admingui.Tail</renderer-type>
            <renderer-class>com.sun.jsftemplating.renderer.TemplateRenderer</renderer-class>
        </renderer>
    </render-kit>
-->

    <render-kit>
        <!--
        <renderer>
            <component-family>com.sun.webui.jsf.ImageHyperlink</component-family>
            <renderer-type>com.sun.webui.jsf.widget.ImageHyperlink</renderer-type>
            <renderer-class>com.sun.webui.jsf.renderkit.html.ImageHyperlinkRenderer</renderer-class>
        </renderer>
        <renderer>
            <component-family>com.sun.webui.jsf.Hyperlink</component-family>
            <renderer-type>com.sun.webui.jsf.widget.Hyperlink</renderer-type>
            <renderer-class>com.sun.webui.jsf.renderkit.html.HyperlinkRenderer</renderer-class>
        </renderer>
        <renderer>
            <component-family>com.sun.webui.jsf.Button</component-family>
            <renderer-type>com.sun.webui.jsf.widget.Button</renderer-type>
            <renderer-class>com.sun.webui.jsf.renderkit.html.ButtonRenderer</renderer-class>
        </renderer>
        <renderer>
            <component-family>com.sun.webui.jsf.TextField</component-family>
            <renderer-type>com.sun.webui.jsf.widget.TextField</renderer-type>
            <renderer-class>com.sun.webui.jsf.renderkit.html.TextFieldRenderer</renderer-class>
        </renderer>
        <renderer>
            <component-family>com.sun.webui.jsf.Image</component-family>
            <renderer-type>com.sun.webui.jsf.widget.Image</renderer-type>
            <renderer-class>com.sun.webui.jsf.renderkit.html.ImageRenderer</renderer-class>
        </renderer>
        <renderer>
            <component-family>com.sun.webui.jsf.Checkbox</component-family>
            <renderer-type>com.sun.webui.jsf.widget.Checkbox</renderer-type>
            <renderer-class>com.sun.webui.jsf.renderkit.html.CheckboxRenderer</renderer-class>
        </renderer>
        <renderer>
            <component-family>com.sun.webui.jsf.Listbox</component-family>
            <renderer-type>com.sun.webui.jsf.widget.Listbox</renderer-type>
            <renderer-class>com.sun.webui.jsf.renderkit.html.ListboxRenderer</renderer-class>
        </renderer>
        <renderer>
            <component-family>com.sun.webui.jsf.RadioButton</component-family>
            <renderer-type>com.sun.webui.jsf.widget.RadioButton</renderer-type>
            <renderer-class>com.sun.webui.jsf.renderkit.html.RadioButtonRenderer</renderer-class>
        </renderer>
        <renderer>
            <component-family>com.sun.webui.jsf.Label</component-family>
            <renderer-type>com.sun.webui.jsf.widget.Label</renderer-type>
            <renderer-class>com.sun.webui.jsf.renderkit.html.LabelRenderer</renderer-class>
        </renderer>
        <renderer>
            <component-family>com.sun.webui.jsf.Anchor</component-family>
            <renderer-type>com.sun.webui.jsf.widget.Anchor</renderer-type>
            <renderer-class>com.sun.webui.jsf.renderkit.html.AnchorRenderer</renderer-class>
        </renderer>
        <renderer>
            <component-family>com.sun.webui.jsf.DropDown</component-family>
            <renderer-type>com.sun.webui.jsf.widget.DropDown</renderer-type>
            <renderer-class>com.sun.webui.jsf.renderkit.html.DropDownRenderer</renderer-class>
        </renderer>
        -->
    </render-kit>

</faces-config>
