<?xml version="1.0" encoding="UTF-8"?>
<!--

    Copyright (c) 1997, 2018 Oracle and/or its affiliates. All rights reserved.

    This program and the accompanying materials are made available under the
    terms of the Eclipse Public License v. 2.0, which is available at
    http://www.eclipse.org/legal/epl-2.0.

    This Source Code may also be made available under the following Secondary
    Licenses when the conditions for such availability set forth in the
    Eclipse Public License v. 2.0 are satisfied: GNU General Public License,
    version 2 with the GNU Classpath Exception, which is available at
    https://www.gnu.org/software/classpath/license.html.

    SPDX-License-Identifier: EPL-2.0 OR GPL-2.0 WITH Classpath-exception-2.0

-->

<!DOCTYPE sun-web-app PUBLIC '-//Sun Microsystems, Inc.//DTD Sun ONE Application Server 7.0 Servlet 2.3//EN' 'http://www.sun.com/software/sunone/appserver/dtds/sun-web-app_2_3-0.dtd'>

<sun-web-app httpservlet-security-provider="GFConsoleAuthModule">
    <security-role-mapping>
        <role-name>admin</role-name>
        <principal-name>admin</principal-name>
        <group-name>asadmin</group-name>
    </security-role-mapping>
    <session-config>
        <session-manager>
            <manager-properties>
                <property name="sessionFilename" value="" />
            </manager-properties>
        </session-manager>
    </session-config>
    <locale-charset-info>
        <parameter-encoding default-charset="UTF-8" />
    </locale-charset-info>
    <class-loader
        delegate="true"
        extra-class-path="WEB-INF/extra/woodstock-webui-jsf-suntheme-6.0.1.jar:WEB-INF/extra/dojo-ajax-nodemo-1.12.4.jar:WEB-INF/extra/woodstock-webui-jsf-6.0.1.jar:WEB-INF/extra/json-2.0.jar:WEB-INF/extra/prototype-1.7.3.jar:WEB-INF/extra/commons-io-2.15.0.jar" />
</sun-web-app>
